snapshot,epiglotis_mean_Pa,epiglotis_max_Pa,epiglotis_min_Pa,glotis_mean_Pa,glotis_max_Pa,glotis_min_Pa,larynx_mean_Pa,larynx_max_Pa,larynx_min_Pa,mouth_region_mean_Pa,mouth_region_max_Pa,mouth_region_min_Pa,upper_trachea_bottom_mean_Pa,upper_trachea_bottom_max_Pa,upper_trachea_bottom_min_Pa,upper_trachea_middle_mean_Pa,upper_trachea_middle_max_Pa,upper_trachea_middle_min_Pa,upper_trachea_top_mean_Pa,upper_trachea_top_max_Pa,upper_trachea_top_min_Pa,gl_mean_Pa,gl_max_Pa,gl_min_Pa,gr_mean_Pa,gr_max_Pa,gr_min_Pa,glr_mean_Pa,glr_max_Pa,glr_min_Pa,grr_mean_Pa,grr_max_Pa,grr_min_Pa,global_mean_Pa,global_max_Pa,global_min_Pa
snapshot1,0.03,0.21,-0.26,0.08,0.33,-0.28,0.06,0.35,-0.31,0.08,0.36,-0.31,0.03,0.21,-0.28,0.03,0.21,-0.28,0.03,0.21,-0.28,0.08,0.3,-0.26,0.08,0.32,-0.28,0.08,0.34,-0.29,0.07,0.33,-0.3,0.07,0.4,-0.34
snapshot2,0.03,0.21,-0.26,0.07,0.32,-0.28,0.05,0.33,-0.31,0.08,0.34,-0.31,0.03,0.22,-0.28,0.03,0.22,-0.28,0.03,0.22,-0.28,0.08,0.29,-0.26,0.07,0.3,-0.28,0.07,0.32,-0.29,0.06,0.31,-0.3,0.06,0.38,-0.35
snapshot3,0.03,0.22,-0.27,0.07,0.32,-0.29,0.05,0.33,-0.32,0.08,0.34,-0.31,0.03,0.22,-0.28,0.03,0.22,-0.28,0.03,0.22,-0.28,0.07,0.28,-0.26,0.07,0.31,-0.28,0.07,0.32,-0.29,0.06,0.32,-0.3,0.06,0.38,-0.34
snapshot4,0.03,0.22,-0.27,0.08,0.33,-0.28,0.06,0.34,-0.31,0.08,0.36,-0.31,0.03,0.22,-0.28,0.03,0.22,-0.28,0.03,0.22,-0.28,0.08,0.3,-0.26,0.08,0.32,-0.28,0.08,0.33,-0.29,0.07,0.33,-0.3,0.06,0.39,-0.34
snapshot5,0.03,0.22,-0.27,0.08,0.33,-0.28,0.06,0.34,-0.31,0.08,0.36,-0.31,0.03,0.22,-0.28,0.03,0.22,-0.28,0.03,0.22,-0.28,0.08,0.29,-0.26,0.08,0.31,-0.28,0.08,0.33,-0.29,0.07,0.32,-0.3,0.06,0.4,-0.34
snapshot6,0.03,0.22,-0.27,0.08,0.32,-0.28,0.05,0.34,-0.31,0.08,0.36,-0.31,0.03,0.22,-0.28,0.03,0.22,-0.28,0.03,0.22,-0.28,0.08,0.29,-0.26,0.08,0.31,-0.28,0.08,0.32,-0.28,0.07,0.32,-0.3,0.06,0.4,-0.34
snapshot7,0.03,0.22,-0.27,0.08,0.33,-0.28,0.06,0.35,-0.31,0.08,0.36,-0.31,0.03,0.22,-0.28,0.03,0.22,-0.28,0.03,0.22,-0.28,0.08,0.3,-0.26,0.08,0.32,-0.28,0.08,0.33,-0.29,0.07,0.33,-0.3,0.06,0.4,-0.34
snapshot8,0.03,0.22,-0.26,0.08,0.33,-0.29,0.05,0.34,-0.31,0.08,0.36,-0.31,0.03,0.22,-0.28,0.03,0.22,-0.28,0.03,0.22,-0.28,0.08,0.3,-0.26,0.08,0.31,-0.28,0.08,0.33,-0.29,0.07,0.32,-0.3,0.06,0.39,-0.35
snapshot9,0.03,0.21,-0.26,0.07,0.31,-0.29,0.05,0.32,-0.32,0.07,0.34,-0.31,0.03,0.21,-0.27,0.03,0.21,-0.27,0.03,0.21,-0.27,0.07,0.28,-0.26,0.07,0.3,-0.28,0.07,0.31,-0.29,0.06,0.31,-0.3,0.06,0.37,-0.34
snapshot10,0.03,0.22,-0.26,0.08,0.33,-0.28,0.06,0.34,-0.31,0.08,0.36,-0.3,0.03,0.22,-0.28,0.03,0.22,-0.28,0.03,0.22,-0.28,0.08,0.3,-0.26,0.08,0.32,-0.27,0.08,0.33,-0.28,0.07,0.33,-0.3,0.06,0.4,-0.33
snapshot11,0.03,0.21,-0.27,0.08,0.33,-0.28,0.06,0.34,-0.31,0.08,0.36,-0.3,0.03,0.22,-0.28,0.03,0.22,-0.28,0.03,0.22,-0.28,0.08,0.29,-0.26,0.08,0.32,-0.28,0.08,0.33,-0.28,0.07,0.33,-0.3,0.06,0.4,-0.34
snapshot12,0.03,0.22,-0.27,0.07,0.31,-0.28,0.05,0.32,-0.31,0.08,0.34,-0.3,0.03,0.22,-0.28,0.03,0.22,-0.28,0.03,0.22,-0.28,0.07,0.28,-0.26,0.07,0.3,-0.28,0.07,0.31,-0.29,0.06,0.31,-0.3,0.06,0.38,-0.34
snapshot13,0.03,0.22,-0.27,0.08,0.34,-0.28,0.06,0.35,-0.31,0.08,0.36,-0.3,0.03,0.22,-0.28,0.03,0.22,-0.28,0.03,0.22,-0.28,0.08,0.3,-0.26,0.08,0.32,-0.28,0.08,0.34,-0.28,0.07,0.33,-0.3,0.07,0.41,-0.33
snapshot14,0.03,0.22,-0.27,0.07,0.31,-0.29,0.05,0.32,-0.32,0.07,0.34,-0.31,0.03,0.22,-0.28,0.03,0.22,-0.28,0.03,0.22,-0.28,0.07,0.28,-0.26,0.07,0.3,-0.28,0.07,0.31,-0.29,0.06,0.31,-0.3,0.06,0.38,-0.35
snapshot15,0.03,0.21,-0.26,0.07,0.32,-0.28,0.05,0.33,-0.32,0.08,0.34,-0.31,0.03,0.21,-0.27,0.03,0.21,-0.27,0.03,0.21,-0.27,0.07,0.28,-0.26,0.07,0.3,-0.28,0.07,0.32,-0.29,0.06,0.31,-0.3,0.06,0.38,-0.34
snapshot16,0.03,0.22,-0.27,0.07,0.31,-0.29,0.05,0.33,-0.31,0.07,0.34,-0.31,0.03,0.22,-0.28,0.03,0.22,-0.28,0.03,0.22,-0.28,0.07,0.28,-0.26,0.07,0.3,-0.28,0.07,0.31,-0.29,0.06,0.31,-0.3,0.06,0.38,-0.35
snapshot17,0.03,0.22,-0.27,0.08,0.33,-0.28,0.06,0.35,-0.32,0.08,0.36,-0.31,0.03,0.22,-0.28,0.03,0.22,-0.28,0.03,0.22,-0.28,0.08,0.3,-0.26,0.08,0.32,-0.28,0.08,0.33,-0.28,0.07,0.33,-0.3,0.06,0.4,-0.34
snapshot18,0.03,0.22,-0.27,0.07,0.32,-0.29,0.05,0.33,-0.32,0.07,0.34,-0.31,0.03,0.22,-0.28,0.03,0.22,-0.28,0.03,0.22,-0.28,0.08,0.29,-0.26,0.07,0.31,-0.28,0.07,0.32,-0.29,0.06,0.31,-0.3,0.06,0.38,-0.35
snapshot19,0.03,0.21,-0.26,0.08,0.32,-0.28,0.05,0.34,-0.32,0.08,0.35,-0.31,0.03,0.22,-0.28,0.03,0.22,-0.28,0.03,0.22,-0.28,0.08,0.29,-0.26,0.08,0.31,-0.28,0.07,0.32,-0.29,0.07,0.32,-0.3,0.06,0.39,-0.34
snapshot20,0.03,0.22,-0.27,0.08,0.33,-0.28,0.05,0.34,-0.32,0.08,0.36,-0.31,0.03,0.22,-0.28,0.03,0.22,-0.28,0.03,0.22,-0.28,0.08,0.29,-0.26,0.08,0.32,-0.28,0.08,0.33,-0.29,0.07,0.32,-0.3,0.06,0.4,-0.34
snapshot21,0.03,0.22,-0.27,0.08,0.33,-0.28,0.06,0.34,-0.32,0.08,0.35,-0.31,0.03,0.22,-0.28,0.03,0.22,-0.28,0.03,0.22,-0.28,0.08,0.3,-0.26,0.08,0.32,-0.28,0.08,0.33,-0.29,0.07,0.33,-0.3,0.06,0.39,-0.34
snapshot22,0.03,0.21,-0.27,0.08,0.33,-0.29,0.05,0.34,-0.32,0.08,0.35,-0.31,0.03,0.22,-0.28,0.03,0.22,-0.28,0.03,0.22,-0.28,0.08,0.3,-0.26,0.08,0.32,-0.28,0.08,0.33,-0.29,0.07,0.32,-0.3,0.06,0.39,-0.34
snapshot23,0.03,0.22,-0.26,0.08,0.32,-0.28,0.05,0.34,-0.31,0.08,0.35,-0.3,0.03,0.22,-0.28,0.03,0.22,-0.28,0.03,0.22,-0.28,0.08,0.29,-0.26,0.08,0.31,-0.28,0.08,0.32,-0.28,0.07,0.32,-0.3,0.06,0.39,-0.34
snapshot24,0.03,0.21,-0.26,0.07,0.32,-0.28,0.05,0.33,-0.31,0.08,0.35,-0.31,0.03,0.22,-0.28,0.03,0.22,-0.28,0.03,0.22,-0.28,0.07,0.28,-0.26,0.07,0.3,-0.28,0.07,0.32,-0.29,0.07,0.31,-0.3,0.06,0.38,-0.34
snapshot25,0.03,0.22,-0.27,0.07,0.32,-0.29,0.05,0.33,-0.32,0.08,0.34,-0.31,0.03,0.22,-0.28,0.03,0.22,-0.28,0.03,0.22,-0.28,0.08,0.29,-0.26,0.07,0.31,-0.28,0.07,0.32,-0.29,0.06,0.31,-0.3,0.06,0.38,-0.34
snapshot26,0.03,0.21,-0.26,0.08,0.33,-0.28,0.05,0.34,-0.32,0.08,0.36,-0.31,0.03,0.21,-0.28,0.03,0.21,-0.28,0.03,0.21,-0.28,0.08,0.3,-0.26,0.08,0.32,-0.28,0.08,0.33,-0.29,0.07,0.33,-0.3,0.06,0.39,-0.34
snapshot27,0.03,0.21,-0.26,0.07,0.31,-0.29,0.05,0.32,-0.32,0.07,0.34,-0.31,0.03,0.21,-0.28,0.03,0.21,-0.28,0.03,0.21,-0.28,0.07,0.28,-0.26,0.07,0.3,-0.28,0.07,0.31,-0.29,0.06,0.31,-0.3,0.06,0.37,-0.35
snapshot28,0.03,0.22,-0.27,0.07,0.31,-0.29,0.05,0.33,-0.31,0.07,0.34,-0.31,0.03,0.22,-0.28,0.03,0.22,-0.28,0.03,0.22,-0.28,0.07,0.28,-0.26,0.07,0.3,-0.28,0.07,0.31,-0.29,0.06,0.31,-0.3,0.06,0.38,-0.35
snapshot29,0.03,0.21,-0.26,0.08,0.32,-0.28,0.06,0.34,-0.31,0.08,0.35,-0.31,0.03,0.22,-0.28,0.03,0.22,-0.28,0.03,0.22,-0.28,0.08,0.29,-0.26,0.08,0.31,-0.28,0.08,0.32,-0.28,0.07,0.32,-0.3,0.06,0.39,-0.34
snapshot30,0.03,0.22,-0.27,0.08,0.33,-0.28,0.06,0.34,-0.31,0.08,0.36,-0.3,0.03,0.22,-0.28,0.03,0.22,-0.28,0.03,0.22,-0.28,0.08,0.29,-0.26,0.08,0.32,-0.28,0.08,0.33,-0.29,0.07,0.33,-0.3,0.06,0.4,-0.33
snapshot31,0.03,0.22,-0.26,0.07,0.32,-0.28,0.05,0.33,-0.31,0.08,0.34,-0.31,0.03,0.22,-0.28,0.03,0.22,-0.28,0.03,0.22,-0.28,0.08,0.29,-0.26,0.07,0.31,-0.28,0.07,0.32,-0.29,0.06,0.31,-0.3,0.06,0.38,-0.35
snapshot32,0.03,0.22,-0.27,0.07,0.32,-0.28,0.05,0.33,-0.31,0.08,0.35,-0.31,0.03,0.22,-0.28,0.03,0.22,-0.28,0.03,0.22,-0.28,0.07,0.29,-0.26,0.07,0.3,-0.28,0.07,0.32,-0.28,0.07,0.31,-0.3,0.06,0.38,-0.34
snapshot33,0.03,0.22,-0.27,0.08,0.33,-0.29,0.06,0.34,-0.32,0.08,0.36,-0.31,0.03,0.22,-0.28,0.03,0.22,-0.28,0.03,0.22,-0.28,0.08,0.3,-0.26,0.08,0.32,-0.28,0.08,0.33,-0.29,0.07,0.33,-0.3,0.06,0.39,-0.35
snapshot34,0.03,0.22,-0.26,0.08,0.32,-0.29,0.05,0.34,-0.32,0.08,0.35,-0.31,0.03,0.22,-0.28,0.03,0.22,-0.28,0.03,0.22,-0.28,0.08,0.29,-0.26,0.08,0.31,-0.28,0.07,0.32,-0.29,0.07,0.32,-0.3,0.06,0.39,-0.34
snapshot35,0.03,0.22,-0.27,0.07,0.32,-0.29,0.05,0.33,-0.31,0.08,0.34,-0.31,0.03,0.22,-0.28,0.03,0.22,-0.28,0.03,0.22,-0.28,0.07,0.29,-0.26,0.07,0.31,-0.28,0.07,0.32,-0.29,0.06,0.31,-0.3,0.06,0.38,-0.35
snapshot36,0.03,0.22,-0.27,0.07,0.32,-0.28,0.05,0.33,-0.32,0.08,0.34,-0.31,0.03,0.22,-0.28,0.03,0.22,-0.28,0.03,0.22,-0.28,0.07,0.28,-0.26,0.07,0.3,-0.28,0.07,0.32,-0.29,0.06,0.31,-0.3,0.06,0.38,-0.34
snapshot37,0.03,0.22,-0.27,0.07,0.31,-0.29,0.05,0.33,-0.31,0.07,0.34,-0.31,0.03,0.22,-0.28,0.03,0.22,-0.28,0.03,0.22,-0.28,0.07,0.28,-0.26,0.07,0.3,-0.28,0.07,0.32,-0.29,0.06,0.31,-0.3,0.06,0.38,-0.35
snapshot38,0.03,0.22,-0.27,0.08,0.33,-0.28,0.06,0.34,-0.31,0.08,0.36,-0.3,0.03,0.22,-0.27,0.03,0.22,-0.27,0.03,0.22,-0.27,0.08,0.3,-0.26,0.08,0.32,-0.28,0.08,0.33,-0.28,0.07,0.33,-0.3,0.06,0.4,-0.34
snapshot39,0.03,0.21,-0.26,0.08,0.32,-0.28,0.05,0.34,-0.31,0.08,0.35,-0.3,0.03,0.22,-0.28,0.03,0.22,-0.28,0.03,0.22,-0.28,0.08,0.29,-0.26,0.08,0.31,-0.28,0.07,0.32,-0.29,0.07,0.32,-0.3,0.06,0.39,-0.33
snapshot40,0.03,0.22,-0.26,0.07,0.31,-0.28,0.05,0.33,-0.31,0.08,0.34,-0.31,0.03,0.22,-0.28,0.03,0.22,-0.28,0.03,0.22,-0.28,0.07,0.28,-0.26,0.07,0.3,-0.28,0.07,0.31,-0.29,0.06,0.31,-0.3,0.06,0.38,-0.34
snapshot41,0.03,0.21,-0.27,0.08,0.33,-0.28,0.06,0.34,-0.31,0.08,0.36,-0.3,0.03,0.21,-0.28,0.03,0.21,-0.28,0.03,0.21,-0.28,0.08,0.29,-0.26,0.08,0.32,-0.28,0.08,0.33,-0.28,0.07,0.32,-0.29,0.06,0.4,-0.33
snapshot42,0.03,0.21,-0.26,0.08,0.32,-0.28,0.06,0.34,-0.31,0.08,0.35,-0.3,0.03,0.21,-0.27,0.03,0.21,-0.27,0.03,0.21,-0.27,0.08,0.29,-0.26,0.08,0.31,-0.28,0.08,0.32,-0.28,0.07,0.32,-0.29,0.06,0.39,-0.33
snapshot43,0.03,0.22,-0.27,0.07,0.31,-0.29,0.05,0.32,-0.32,0.07,0.34,-0.31,0.03,0.22,-0.28,0.03,0.22,-0.28,0.03,0.22,-0.28,0.07,0.28,-0.26,0.07,0.3,-0.28,0.07,0.31,-0.29,0.06,0.31,-0.3,0.06,0.37,-0.35
snapshot44,0.03,0.22,-0.27,0.08,0.33,-0.28,0.06,0.35,-0.31,0.08,0.36,-0.31,0.03,0.22,-0.28,0.03,0.22,-0.28,0.03,0.22,-0.28,0.08,0.3,-0.26,0.08,0.32,-0.28,0.08,0.33,-0.28,0.07,0.33,-0.3,0.06,0.4,-0.34
snapshot45,0.03,0.21,-0.26,0.08,0.32,-0.28,0.06,0.34,-0.31,0.08,0.35,-0.3,0.03,0.22,-0.28,0.03,0.22,-0.28,0.03,0.22,-0.28,0.08,0.29,-0.26,0.08,0.31,-0.28,0.08,0.32,-0.28,0.07,0.32,-0.3,0.06,0.39,-0.33
snapshot46,0.03,0.22,-0.26,0.08,0.33,-0.28,0.06,0.34,-0.32,0.08,0.35,-0.31,0.03,0.22,-0.28,0.03,0.22,-0.28,0.03,0.22,-0.28,0.08,0.29,-0.26,0.08,0.32,-0.28,0.08,0.33,-0.29,0.07,0.33,-0.3,0.06,0.39,-0.34
snapshot47,0.03,0.22,-0.27,0.07,0.32,-0.28,0.05,0.33,-0.32,0.08,0.35,-0.31,0.03,0.22,-0.28,0.03,0.22,-0.28,0.03,0.22,-0.28,0.07,0.28,-0.26,0.07,0.3,-0.28,0.07,0.32,-0.29,0.06,0.31,-0.3,0.06,0.39,-0.34
snapshot48,0.03,0.21,-0.26,0.08,0.33,-0.28,0.05,0.34,-0.32,0.08,0.36,-0.31,0.03,0.21,-0.28,0.03,0.21,-0.28,0.03,0.21,-0.28,0.08,0.3,-0.26,0.08,0.32,-0.28,0.08,0.33,-0.29,0.07,0.32,-0.3,0.06,0.39,-0.34
snapshot49,0.03,0.21,-0.26,0.08,0.33,-0.28,0.05,0.34,-0.31,0.08,0.35,-0.31,0.03,0.21,-0.28,0.03,0.21,-0.28,0.03,0.21,-0.28,0.08,0.3,-0.26,0.08,0.32,-0.28,0.08,0.33,-0.29,0.07,0.32,-0.3,0.06,0.39,-0.34
snapshot50,0.03,0.22,-0.27,0.07,0.32,-0.28,0.05,0.33,-0.31,0.08,0.35,-0.31,0.03,0.22,-0.28,0.03,0.22,-0.28,0.03,0.22,-0.28,0.07,0.29,-0.26,0.07,0.31,-0.28,0.07,0.32,-0.28,0.07,0.32,-0.3,0.06,0.38,-0.34
snapshot51,0.03,0.21,-0.26,0.08,0.32,-0.28,0.05,0.34,-0.31,0.08,0.35,-0.31,0.03,0.22,-0.28,0.03,0.22,-0.28,0.03,0.22,-0.28,0.08,0.3,-0.26,0.08,0.31,-0.28,0.08,0.32,-0.29,0.07,0.32,-0.3,0.06,0.39,-0.35
snapshot52,0.03,0.21,-0.26,0.08,0.32,-0.28,0.05,0.33,-0.31,0.08,0.35,-0.31,0.03,0.21,-0.27,0.03,0.21,-0.27,0.03,0.21,-0.27,0.08,0.29,-0.26,0.08,0.31,-0.28,0.08,0.32,-0.28,0.07,0.32,-0.3,0.06,0.39,-0.34
snapshot53,0.03,0.22,-0.27,0.08,0.33,-0.28,0.05,0.34,-0.32,0.08,0.36,-0.31,0.03,0.22,-0.28,0.03,0.22,-0.28,0.03,0.22,-0.28,0.08,0.3,-0.26,0.08,0.32,-0.28,0.08,0.33,-0.29,0.07,0.32,-0.3,0.06,0.39,-0.34
snapshot54,0.03,0.21,-0.26,0.08,0.32,-0.28,0.05,0.33,-0.32,0.08,0.35,-0.31,0.03,0.21,-0.27,0.03,0.21,-0.27,0.03,0.21,-0.27,0.07,0.28,-0.26,0.07,0.31,-0.28,0.07,0.32,-0.28,0.07,0.32,-0.3,0.06,0.39,-0.34
snapshot55,0.03,0.22,-0.27,0.07,0.32,-0.28,0.05,0.33,-0.31,0.08,0.35,-0.31,0.03,0.22,-0.28,0.03,0.22,-0.28,0.03,0.22,-0.28,0.07,0.29,-0.26,0.07,0.31,-0.28,0.07,0.32,-0.28,0.07,0.31,-0.3,0.06,0.39,-0.34
snapshot56,0.03,0.22,-0.26,0.08,0.33,-0.28,0.06,0.34,-0.32,0.08,0.36,-0.31,0.03,0.22,-0.28,0.03,0.22,-0.28,0.03,0.22,-0.28,0.08,0.3,-0.26,0.08,0.32,-0.28,0.08,0.33,-0.29,0.07,0.33,-0.3,0.06,0.39,-0.34
snapshot57,0.03,0.22,-0.27,0.07,0.32,-0.29,0.05,0.33,-0.31,0.08,0.35,-0.31,0.03,0.22,-0.28,0.03,0.22,-0.28,0.03,0.22,-0.28,0.08,0.29,-0.26,0.07,0.31,-0.28,0.07,0.32,-0.29,0.07,0.32,-0.3,0.06,0.39,-0.35
snapshot58,0.03,0.22,-0.27,0.08,0.32,-0.29,0.05,0.34,-0.32,0.08,0.35,-0.31,0.03,0.22,-0.28,0.03,0.22,-0.28,0.03,0.22,-0.28,0.07,0.29,-0.26,0.07,0.31,-0.28,0.07,0.32,-0.29,0.07,0.32,-0.3,0.06,0.39,-0.34
snapshot59,0.03,0.22,-0.27,0.08,0.32,-0.29,0.05,0.34,-0.31,0.08,0.35,-0.31,0.03,0.22,-0.28,0.03,0.22,-0.28,0.03,0.22,-0.28,0.07,0.29,-0.26,0.07,0.31,-0.28,0.07,0.32,-0.29,0.07,0.32,-0.3,0.06,0.4,-0.34
snapshot60,0.03,0.21,-0.26,0.08,0.34,-0.28,0.06,0.35,-0.31,0.08,0.37,-0.3,0.03,0.21,-0.27,0.03,0.21,-0.27,0.03,0.21,-0.27,0.08,0.3,-0.26,0.08,0.33,-0.27,0.08,0.34,-0.28,0.07,0.34,-0.29,0.07,0.41,-0.33
snapshot61,0.03,0.22,-0.27,0.08,0.33,-0.28,0.06,0.35,-0.31,0.08,0.36,-0.3,0.03,0.22,-0.28,0.03,0.22,-0.28,0.03,0.22,-0.28,0.08,0.3,-0.26,0.08,0.32,-0.28,0.08,0.34,-0.28,0.07,0.33,-0.3,0.07,0.41,-0.33
snapshot62,0.03,0.21,-0.26,0.07,0.32,-0.28,0.05,0.33,-0.31,0.08,0.35,-0.31,0.03,0.21,-0.28,0.03,0.21,-0.28,0.03,0.21,-0.28,0.07,0.28,-0.26,0.07,0.31,-0.28,0.07,0.32,-0.29,0.07,0.32,-0.3,0.06,0.39,-0.34
snapshot63,0.03,0.22,-0.27,0.07,0.31,-0.28,0.05,0.32,-0.31,0.07,0.34,-0.31,0.03,0.22,-0.28,0.03,0.22,-0.28,0.03,0.22,-0.28,0.07,0.28,-0.26,0.07,0.3,-0.28,0.07,0.31,-0.28,0.06,0.31,-0.3,0.06,0.38,-0.34
snapshot64,0.03,0.21,-0.26,0.08,0.32,-0.28,0.06,0.34,-0.31,0.08,0.35,-0.3,0.03,0.21,-0.28,0.03,0.21,-0.28,0.03,0.21,-0.28,0.08,0.29,-0.26,0.08,0.31,-0.28,0.08,0.33,-0.28,0.07,0.32,-0.3,0.06,0.4,-0.33
snapshot65,0.03,0.22,-0.27,0.08,0.33,-0.28,0.06,0.35,-0.31,0.08,0.37,-0.31,0.03,0.22,-0.28,0.03,0.22,-0.28,0.03,0.22,-0.28,0.08,0.3,-0.26,0.08,0.32,-0.28,0.08,0.34,-0.28,0.07,0.33,-0.3,0.06,0.41,-0.34
snapshot66,0.03,0.21,-0.26,0.07,0.31,-0.29,0.05,0.32,-0.32,0.07,0.34,-0.31,0.03,0.22,-0.28,0.03,0.22,-0.28,0.03,0.22,-0.28,0.07,0.28,-0.26,0.07,0.3,-0.28,0.07,0.31,-0.29,0.06,0.31,-0.3,0.06,0.37,-0.34
snapshot67,0.03,0.22,-0.27,0.08,0.32,-0.29,0.05,0.34,-0.32,0.08,0.35,-0.31,0.03,0.22,-0.28,0.03,0.22,-0.28,0.03,0.22,-0.28,0.08,0.29,-0.26,0.08,0.31,-0.28,0.08,0.33,-0.29,0.07,0.32,-0.3,0.06,0.39,-0.34
snapshot68,0.03,0.22,-0.27,0.08,0.33,-0.28,0.06,0.35,-0.31,0.08,0.37,-0.3,0.03,0.22,-0.28,0.03,0.22,-0.28,0.03,0.22,-0.28,0.08,0.3,-0.26,0.08,0.32,-0.27,0.08,0.34,-0.28,0.07,0.33,-0.29,0.07,0.41,-0.33
snapshot69,0.03,0.22,-0.27,0.07,0.32,-0.29,0.05,0.33,-0.32,0.08,0.35,-0.31,0.03,0.22,-0.28,0.03,0.22,-0.28,0.03,0.22,-0.28,0.08,0.29,-0.26,0.07,0.31,-0.28,0.07,0.32,-0.29,0.06,0.32,-0.3,0.06,0.38,-0.34
snapshot70,0.03,0.22,-0.26,0.08,0.32,-0.28,0.05,0.33,-0.31,0.08,0.35,-0.31,0.03,0.22,-0.28,0.03,0.22,-0.28,0.03,0.22,-0.28,0.08,0.29,-0.26,0.08,0.31,-0.28,0.07,0.32,-0.29,0.07,0.31,-0.3,0.06,0.39,-0.34
snapshot71,0.03,0.21,-0.27,0.07,0.31,-0.28,0.05,0.33,-0.32,0.08,0.34,-0.31,0.03,0.22,-0.27,0.03,0.22,-0.27,0.03,0.22,-0.27,0.07,0.28,-0.26,0.07,0.3,-0.28,0.07,0.31,-0.29,0.06,0.31,-0.3,0.06,0.38,-0.34
snapshot72,0.03,0.22,-0.27,0.08,0.33,-0.29,0.06,0.35,-0.32,0.08,0.36,-0.31,0.03,0.22,-0.28,0.03,0.22,-0.28,0.03,0.22,-0.28,0.08,0.3,-0.26,0.08,0.32,-0.28,0.08,0.33,-0.29,0.07,0.33,-0.3,0.06,0.4,-0.35
snapshot73,0.03,0.21,-0.26,0.08,0.33,-0.28,0.06,0.34,-0.31,0.08,0.36,-0.31,0.03,0.22,-0.27,0.03,0.22,-0.27,0.03,0.22,-0.27,0.08,0.29,-0.26,0.08,0.31,-0.28,0.08,0.33,-0.28,0.07,0.32,-0.3,0.06,0.4,-0.34
snapshot74,0.03,0.21,-0.26,0.08,0.33,-0.28,0.06,0.35,-0.31,0.09,0.37,-0.3,0.03,0.21,-0.28,0.03,0.21,-0.28,0.03,0.21,-0.28,0.08,0.3,-0.26,0.08,0.32,-0.27,0.08,0.34,-0.28,0.07,0.33,-0.29,0.07,0.41,-0.33
snapshot75,0.03,0.22,-0.27,0.08,0.32,-0.28,0.06,0.34,-0.31,0.08,0.35,-0.3,0.03,0.22,-0.28,0.03,0.22,-0.28,0.03,0.22,-0.28,0.08,0.29,-0.26,0.08,0.31,-0.28,0.08,0.32,-0.28,0.07,0.32,-0.29,0.06,0.39,-0.34
snapshot76,0.03,0.22,-0.27,0.07,0.31,-0.29,0.05,0.32,-0.31,0.07,0.34,-0.31,0.03,0.22,-0.28,0.03,0.22,-0.28,0.03,0.22,-0.28,0.07,0.28,-0.26,0.07,0.3,-0.28,0.07,0.31,-0.29,0.06,0.3,-0.3,0.06,0.38,-0.35
snapshot77,0.03,0.22,-0.27,0.07,0.31,-0.29,0.05,0.32,-0.32,0.07,0.34,-0.31,0.03,0.22,-0.28,0.03,0.22,-0.28,0.03,0.22,-0.28,0.07,0.28,-0.26,0.07,0.3,-0.28,0.07,0.31,-0.29,0.06,0.31,-0.3,0.06,0.37,-0.35
snapshot78,0.03,0.22,-0.27,0.08,0.32,-0.28,0.05,0.33,-0.32,0.08,0.35,-0.31,0.03,0.22,-0.28,0.03,0.22,-0.28,0.03,0.22,-0.28,0.08,0.29,-0.26,0.08,0.31,-0.28,0.08,0.32,-0.28,0.07,0.32,-0.3,0.06,0.39,-0.34
snapshot79,0.03,0.22,-0.27,0.08,0.34,-0.28,0.06,0.35,-0.31,0.09,0.36,-0.3,0.03,0.22,-0.28,0.03,0.22,-0.28,0.03,0.22,-0.28,0.08,0.3,-0.26,0.08,0.32,-0.27,0.08,0.34,-0.28,0.07,0.33,-0.3,0.07,0.41,-0.33
snapshot80,0.03,0.21,-0.27,0.07,0.32,-0.29,0.05,0.33,-0.31,0.08,0.35,-0.31,0.03,0.22,-0.28,0.03,0.22,-0.28,0.03,0.22,-0.28,0.07,0.28,-0.26,0.07,0.31,-0.28,0.07,0.32,-0.29,0.07,0.32,-0.3,0.06,0.39,-0.34
snapshot81,0.03,0.22,-0.27,0.08,0.33,-0.29,0.05,0.34,-0.31,0.08,0.35,-0.31,0.03,0.22,-0.28,0.03,0.22,-0.28,0.03,0.22,-0.28,0.08,0.29,-0.26,0.08,0.31,-0.28,0.07,0.33,-0.29,0.07,0.32,-0.3,0.06,0.39,-0.34
snapshot82,0.03,0.22,-0.27,0.07,0.32,-0.28,0.05,0.33,-0.31,0.08,0.35,-0.31,0.03,0.22,-0.28,0.03,0.22,-0.28,0.03,0.22,-0.28,0.08,0.29,-0.26,0.07,0.31,-0.28,0.07,0.32,-0.29,0.07,0.32,-0.3,0.06,0.39,-0.34
snapshot83,0.03,0.21,-0.27,0.08,0.32,-0.29,0.05,0.34,-0.32,0.08,0.35,-0.31,0.03,0.22,-0.28,0.03,0.22,-0.28,0.03,0.22,-0.28,0.08,0.29,-0.26,0.08,0.31,-0.28,0.07,0.32,-0.29,0.07,0.32,-0.3,0.06,0.39,-0.34
snapshot84,0.03,0.22,-0.27,0.08,0.32,-0.29,0.05,0.34,-0.31,0.08,0.35,-0.31,0.03,0.22,-0.28,0.03,0.22,-0.28,0.03,0.22,-0.28,0.08,0.3,-0.26,0.08,0.31,-0.28,0.08,0.33,-0.29,0.07,0.32,-0.3,0.06,0.39,-0.34
snapshot85,0.03,0.21,-0.26,0.08,0.32,-0.28,0.05,0.33,-0.31,0.08,0.35,-0.3,0.03,0.21,-0.27,0.03,0.21,-0.27,0.03,0.21,-0.27,0.07,0.29,-0.26,0.07,0.31,-0.28,0.07,0.32,-0.28,0.07,0.32,-0.3,0.06,0.39,-0.33
snapshot86,0.03,0.21,-0.26,0.08,0.33,-0.28,0.06,0.35,-0.31,0.08,0.37,-0.31,0.03,0.21,-0.28,0.03,0.21,-0.28,0.03,0.21,-0.28,0.08,0.3,-0.26,0.08,0.32,-0.28,0.08,0.34,-0.28,0.07,0.33,-0.3,0.07,0.41,-0.34
snapshot87,0.03,0.22,-0.27,0.07,0.31,-0.28,0.05,0.33,-0.32,0.07,0.34,-0.31,0.03,0.22,-0.28,0.03,0.22,-0.28,0.03,0.22,-0.28,0.07,0.28,-0.26,0.07,0.3,-0.28,0.07,0.31,-0.29,0.06,0.31,-0.3,0.06,0.38,-0.34
snapshot88,0.03,0.22,-0.27,0.08,0.32,-0.28,0.05,0.33,-0.31,0.08,0.35,-0.31,0.03,0.22,-0.28,0.03,0.22,-0.28,0.03,0.22,-0.28,0.07,0.29,-0.26,0.07,0.31,-0.28,0.07,0.32,-0.29,0.07,0.32,-0.3,0.06,0.39,-0.34
snapshot89,0.03,0.21,-0.26,0.08,0.33,-0.29,0.05,0.34,-0.32,0.08,0.35,-0.31,0.03,0.21,-0.28,0.03,0.21,-0.28,0.03,0.22,-0.28,0.08,0.29,-0.26,0.08,0.31,-0.28,0.08,0.33,-0.29,0.07,0.32,-0.3,0.06,0.39,-0.34
snapshot90,0.03,0.22,-0.27,0.07,0.31,-0.28,0.05,0.33,-0.31,0.08,0.34,-0.31,0.03,0.22,-0.28,0.03,0.22,-0.28,0.03,0.22,-0.28,0.07,0.28,-0.26,0.07,0.3,-0.28,0.07,0.31,-0.29,0.06,0.31,-0.3,0.06,0.38,-0.34
snapshot91,0.03,0.22,-0.26,0.08,0.32,-0.29,0.05,0.34,-0.32,0.08,0.35,-0.32,0.03,0.22,-0.28,0.03,0.22,-0.28,0.03,0.22,-0.28,0.08,0.29,-0.26,0.08,0.31,-0.28,0.07,0.33,-0.29,0.07,0.32,-0.31,0.06,0.38,-0.35
snapshot92,0.03,0.22,-0.26,0.08,0.33,-0.28,0.06,0.34,-0.31,0.08,0.36,-0.31,0.03,0.22,-0.28,0.03,0.22,-0.28,0.03,0.22,-0.28,0.08,0.3,-0.26,0.08,0.32,-0.28,0.08,0.33,-0.29,0.07,0.33,-0.3,0.06,0.4,-0.34
snapshot93,0.03,0.22,-0.27,0.08,0.33,-0.29,0.06,0.34,-0.31,0.08,0.36,-0.31,0.03,0.22,-0.28,0.03,0.22,-0.28,0.03,0.22,-0.28,0.08,0.3,-0.26,0.08,0.32,-0.28,0.08,0.33,-0.29,0.07,0.32,-0.3,0.06,0.39,-0.34
snapshot94,0.03,0.21,-0.26,0.08,0.33,-0.29,0.05,0.34,-0.32,0.08,0.35,-0.31,0.03,0.21,-0.28,0.03,0.21,-0.28,0.03,0.21,-0.28,0.08,0.29,-0.26,0.08,0.31,-0.28,0.08,0.33,-0.29,0.07,0.32,-0.3,0.06,0.39,-0.34
snapshot95,0.03,0.21,-0.26,0.08,0.33,-0.28,0.06,0.35,-0.31,0.08,0.36,-0.3,0.03,0.21,-0.28,0.03,0.21,-0.28,0.03,0.21,-0.28,0.08,0.3,-0.26,0.08,0.32,-0.28,0.08,0.33,-0.28,0.07,0.33,-0.3,0.07,0.41,-0.33
snapshot96,0.03,0.21,-0.26,0.08,0.33,-0.28,0.05,0.34,-0.31,0.08,0.35,-0.3,0.03,0.21,-0.28,0.03,0.21,-0.28,0.03,0.21,-0.28,0.08,0.29,-0.26,0.08,0.31,-0.28,0.08,0.33,-0.29,0.07,0.32,-0.3,0.06,0.39,-0.34
snapshot97,0.03,0.21,-0.26,0.08,0.33,-0.28,0.06,0.34,-0.31,0.08,0.36,-0.31,0.03,0.21,-0.28,0.03,0.21,-0.28,0.03,0.21,-0.28,0.08,0.3,-0.26,0.08,0.32,-0.28,0.08,0.33,-0.28,0.07,0.33,-0.3,0.06,0.4,-0.34
snapshot98,0.03,0.22,-0.27,0.08,0.32,-0.28,0.05,0.34,-0.31,0.08,0.35,-0.31,0.03,0.22,-0.28,0.03,0.22,-0.28,0.03,0.22,-0.28,0.07,0.29,-0.26,0.07,0.31,-0.28,0.07,0.32,-0.29,0.07,0.32,-0.3,0.06,0.39,-0.34
snapshot99,0.03,0.22,-0.27,0.08,0.33,-0.28,0.06,0.35,-0.31,0.08,0.36,-0.3,0.03,0.22,-0.28,0.03,0.22,-0.28,0.03,0.22,-0.28,0.08,0.3,-0.26,0.08,0.32,-0.28,0.08,0.33,-0.28,0.07,0.33,-0.3,0.07,0.4,-0.33
snapshot100,0.03,0.22,-0.27,0.08,0.33,-0.28,0.06,0.34,-0.31,0.08,0.35,-0.31,0.03,0.22,-0.28,0.03,0.22,-0.28,0.03,0.22,-0.28,0.08,0.3,-0.26,0.08,0.32,-0.28,0.08,0.33,-0.28,0.07,0.33,-0.3,0.06,0.39,-0.34
